/*
 Navicat Premium Data Transfer

 Source Server         : MySQL_192.168.198.100
 Source Server Type    : MySQL
 Source Server Version : 50742
 Source Host           : 192.168.198.100:3306
 Source Schema         : fastStart

 Target Server Type    : MySQL
 Target Server Version : 50742
 File Encoding         : 65001

 Date: 25/07/2023 16:10:23
*/

SET NAMES utf8mb4;
SET FOREIGN_KEY_CHECKS = 0;

-- ----------------------------
-- Table structure for sys_menu
-- ----------------------------
DROP TABLE IF EXISTS `sys_menu`;
CREATE TABLE `sys_menu`  (
  `menu_id` bigint(20) NOT NULL AUTO_INCREMENT COMMENT '菜单ID',
  `menu_name` varchar(50) CHARACTER SET utf8 COLLATE utf8_general_ci NOT NULL COMMENT '菜单名称',
  `parent_id` bigint(20) NULL DEFAULT 0 COMMENT '父菜单ID',
  `order_num` int(4) NULL DEFAULT 0 COMMENT '显示顺序',
  `path` varchar(200) CHARACTER SET utf8 COLLATE utf8_general_ci NULL DEFAULT '' COMMENT '路由地址',
  `component` varchar(255) CHARACTER SET utf8 COLLATE utf8_general_ci NULL DEFAULT NULL COMMENT '组件路径',
  `query` varchar(255) CHARACTER SET utf8 COLLATE utf8_general_ci NULL DEFAULT NULL COMMENT '路由参数',
  `is_frame` int(1) NULL DEFAULT 1 COMMENT '是否为外链（0是 1否）',
  `is_cache` int(1) NULL DEFAULT 0 COMMENT '是否缓存（0缓存 1不缓存）',
  `menu_type` char(1) CHARACTER SET utf8 COLLATE utf8_general_ci NULL DEFAULT '' COMMENT '菜单类型（M目录 C菜单 F按钮）',
  `visible` char(1) CHARACTER SET utf8 COLLATE utf8_general_ci NULL DEFAULT '0' COMMENT '菜单状态（0显示 1隐藏）',
  `status` char(1) CHARACTER SET utf8 COLLATE utf8_general_ci NULL DEFAULT '0' COMMENT '菜单状态（0正常 1停用）',
  `perms` varchar(100) CHARACTER SET utf8 COLLATE utf8_general_ci NULL DEFAULT NULL COMMENT '权限标识',
  `icon` varchar(100) CHARACTER SET utf8 COLLATE utf8_general_ci NULL DEFAULT '#' COMMENT '菜单图标',
  `create_by` varchar(64) CHARACTER SET utf8 COLLATE utf8_general_ci NULL DEFAULT '' COMMENT '创建者',
  `create_time` datetime(0) NULL DEFAULT NULL COMMENT '创建时间',
  `update_by` varchar(64) CHARACTER SET utf8 COLLATE utf8_general_ci NULL DEFAULT '' COMMENT '更新者',
  `update_time` datetime(0) NULL DEFAULT NULL COMMENT '更新时间',
  `remark` varchar(500) CHARACTER SET utf8 COLLATE utf8_general_ci NULL DEFAULT '' COMMENT '备注',
  PRIMARY KEY (`menu_id`) USING BTREE
) ENGINE = InnoDB AUTO_INCREMENT = 1054 CHARACTER SET = utf8 COLLATE = utf8_general_ci COMMENT = '菜单权限表' ROW_FORMAT = Dynamic;

-- ----------------------------
-- Records of sys_menu
-- ----------------------------
INSERT INTO `sys_menu` VALUES (1, '系统管理', 0, 1, 'system', NULL, '', 1, 0, 'M', '0', '0', '', 'system', 'admin', '2023-07-23 18:54:49', '', NULL, '系统管理目录');
INSERT INTO `sys_menu` VALUES (2, '系统监控', 0, 2, 'monitor', NULL, '', 1, 0, 'M', '0', '0', '', 'monitor', 'admin', '2023-07-23 18:54:49', '', NULL, '系统监控目录');
INSERT INTO `sys_menu` VALUES (3, '系统工具', 0, 3, 'tool', NULL, '', 1, 0, 'M', '0', '0', '', 'tool', 'admin', '2023-07-23 18:54:49', '', NULL, '系统工具目录');
INSERT INTO `sys_menu` VALUES (100, '用户管理', 1, 1, 'user', 'system/user/index', '', 1, 0, 'C', '0', '0', 'system:user:list', 'user', 'admin', '2023-07-23 18:54:49', '', NULL, '用户管理菜单');
INSERT INTO `sys_menu` VALUES (101, '角色管理', 1, 2, 'role', 'system/role/index', '', 1, 0, 'C', '0', '0', 'system:role:list', 'peoples', 'admin', '2023-07-23 18:54:49', '', NULL, '角色管理菜单');
INSERT INTO `sys_menu` VALUES (102, '菜单管理', 1, 3, 'menu', 'system/menu/index', '', 1, 0, 'C', '0', '0', 'system:menu:list', 'tree-table', 'admin', '2023-07-23 18:54:49', '', NULL, '菜单管理菜单');
INSERT INTO `sys_menu` VALUES (108, '日志管理', 1, 9, 'log', '', '', 1, 0, 'M', '0', '0', '', 'log', 'admin', '2023-07-23 18:54:49', '', NULL, '日志管理菜单');
INSERT INTO `sys_menu` VALUES (109, '在线用户', 2, 1, 'online', 'monitor/online/index', '', 1, 0, 'C', '0', '0', 'monitor:online:list', 'online', 'admin', '2023-07-23 18:54:49', '', NULL, '在线用户菜单');
INSERT INTO `sys_menu` VALUES (110, '定时任务', 2, 2, 'job', 'monitor/job/index', '', 1, 0, 'C', '0', '0', 'monitor:job:list', 'job', 'admin', '2023-07-23 18:54:49', '', NULL, '定时任务菜单');
INSERT INTO `sys_menu` VALUES (111, '数据监控', 2, 3, 'druid', 'monitor/druid/index', '', 1, 0, 'C', '0', '0', 'monitor:druid:list', 'druid', 'admin', '2023-07-23 18:54:49', '', NULL, '数据监控菜单');
INSERT INTO `sys_menu` VALUES (112, '服务监控', 2, 4, 'server', 'monitor/server/index', '', 1, 0, 'C', '0', '0', 'monitor:server:list', 'server', 'admin', '2023-07-23 18:54:49', '', NULL, '服务监控菜单');
INSERT INTO `sys_menu` VALUES (113, '缓存监控', 2, 5, 'cache', 'monitor/cache/index', '', 1, 0, 'C', '0', '0', 'monitor:cache:list', 'redis', 'admin', '2023-07-23 18:54:49', '', NULL, '缓存监控菜单');
INSERT INTO `sys_menu` VALUES (114, '缓存列表', 2, 6, 'cacheList', 'monitor/cache/list', '', 1, 0, 'C', '0', '0', 'monitor:cache:list', 'redis-list', 'admin', '2023-07-23 18:54:49', '', NULL, '缓存列表菜单');
INSERT INTO `sys_menu` VALUES (115, '表单构建', 3, 1, 'build', 'tool/build/index', '', 1, 0, 'C', '0', '0', 'tool:build:list', 'build', 'admin', '2023-07-23 18:54:49', '', NULL, '表单构建菜单');
INSERT INTO `sys_menu` VALUES (500, '操作日志', 108, 1, 'operlog', 'monitor/operlog/index', '', 1, 0, 'C', '0', '0', 'monitor:operlog:list', 'form', 'admin', '2023-07-23 18:54:49', '', NULL, '操作日志菜单');
INSERT INTO `sys_menu` VALUES (501, '登录日志', 108, 2, 'logininfor', 'monitor/logininfor/index', '', 1, 0, 'C', '0', '0', 'monitor:logininfor:list', 'logininfor', 'admin', '2023-07-23 18:54:49', '', NULL, '登录日志菜单');
INSERT INTO `sys_menu` VALUES (1000, '用户查询', 100, 1, '', '', '', 1, 0, 'F', '0', '0', 'system:user:query', '#', 'admin', '2023-07-23 18:54:49', '', NULL, '');
INSERT INTO `sys_menu` VALUES (1001, '用户新增', 100, 2, '', '', '', 1, 0, 'F', '0', '0', 'system:user:add', '#', 'admin', '2023-07-23 18:54:49', '', NULL, '');
INSERT INTO `sys_menu` VALUES (1002, '用户修改', 100, 3, '', '', '', 1, 0, 'F', '0', '0', 'system:user:edit', '#', 'admin', '2023-07-23 18:54:49', '', NULL, '');
INSERT INTO `sys_menu` VALUES (1003, '用户删除', 100, 4, '', '', '', 1, 0, 'F', '0', '0', 'system:user:remove', '#', 'admin', '2023-07-23 18:54:49', '', NULL, '');
INSERT INTO `sys_menu` VALUES (1004, '用户导出', 100, 5, '', '', '', 1, 0, 'F', '0', '0', 'system:user:export', '#', 'admin', '2023-07-23 18:54:49', '', NULL, '');
INSERT INTO `sys_menu` VALUES (1005, '用户导入', 100, 6, '', '', '', 1, 0, 'F', '0', '0', 'system:user:import', '#', 'admin', '2023-07-23 18:54:49', '', NULL, '');
INSERT INTO `sys_menu` VALUES (1006, '重置密码', 100, 7, '', '', '', 1, 0, 'F', '0', '0', 'system:user:resetPwd', '#', 'admin', '2023-07-23 18:54:49', '', NULL, '');
INSERT INTO `sys_menu` VALUES (1007, '角色查询', 101, 1, '', '', '', 1, 0, 'F', '0', '0', 'system:role:query', '#', 'admin', '2023-07-23 18:54:49', '', NULL, '');
INSERT INTO `sys_menu` VALUES (1008, '角色新增', 101, 2, '', '', '', 1, 0, 'F', '0', '0', 'system:role:add', '#', 'admin', '2023-07-23 18:54:49', '', NULL, '');
INSERT INTO `sys_menu` VALUES (1009, '角色修改', 101, 3, '', '', '', 1, 0, 'F', '0', '0', 'system:role:edit', '#', 'admin', '2023-07-23 18:54:49', '', NULL, '');
INSERT INTO `sys_menu` VALUES (1010, '角色删除', 101, 4, '', '', '', 1, 0, 'F', '0', '0', 'system:role:remove', '#', 'admin', '2023-07-23 18:54:49', '', NULL, '');
INSERT INTO `sys_menu` VALUES (1011, '角色导出', 101, 5, '', '', '', 1, 0, 'F', '0', '0', 'system:role:export', '#', 'admin', '2023-07-23 18:54:49', '', NULL, '');
INSERT INTO `sys_menu` VALUES (1012, '菜单查询', 102, 1, '', '', '', 1, 0, 'F', '0', '0', 'system:menu:query', '#', 'admin', '2023-07-23 18:54:49', '', NULL, '');
INSERT INTO `sys_menu` VALUES (1013, '菜单新增', 102, 2, '', '', '', 1, 0, 'F', '0', '0', 'system:menu:add', '#', 'admin', '2023-07-23 18:54:49', '', NULL, '');
INSERT INTO `sys_menu` VALUES (1014, '菜单修改', 102, 3, '', '', '', 1, 0, 'F', '0', '0', 'system:menu:edit', '#', 'admin', '2023-07-23 18:54:49', '', NULL, '');
INSERT INTO `sys_menu` VALUES (1015, '菜单删除', 102, 4, '', '', '', 1, 0, 'F', '0', '0', 'system:menu:remove', '#', 'admin', '2023-07-23 18:54:49', '', NULL, '');
INSERT INTO `sys_menu` VALUES (1039, '操作查询', 500, 1, '#', '', '', 1, 0, 'F', '0', '0', 'monitor:operlog:query', '#', 'admin', '2023-07-23 18:54:49', '', NULL, '');
INSERT INTO `sys_menu` VALUES (1040, '操作删除', 500, 2, '#', '', '', 1, 0, 'F', '0', '0', 'monitor:operlog:remove', '#', 'admin', '2023-07-23 18:54:49', '', NULL, '');
INSERT INTO `sys_menu` VALUES (1041, '日志导出', 500, 3, '#', '', '', 1, 0, 'F', '0', '0', 'monitor:operlog:export', '#', 'admin', '2023-07-23 18:54:49', '', NULL, '');
INSERT INTO `sys_menu` VALUES (1042, '登录查询', 501, 1, '#', '', '', 1, 0, 'F', '0', '0', 'monitor:logininfor:query', '#', 'admin', '2023-07-23 18:54:49', '', NULL, '');
INSERT INTO `sys_menu` VALUES (1043, '登录删除', 501, 2, '#', '', '', 1, 0, 'F', '0', '0', 'monitor:logininfor:remove', '#', 'admin', '2023-07-23 18:54:49', '', NULL, '');
INSERT INTO `sys_menu` VALUES (1044, '日志导出', 501, 3, '#', '', '', 1, 0, 'F', '0', '0', 'monitor:logininfor:export', '#', 'admin', '2023-07-23 18:54:49', '', NULL, '');
INSERT INTO `sys_menu` VALUES (1045, '账户解锁', 501, 4, '#', '', '', 1, 0, 'F', '0', '0', 'monitor:logininfor:unlock', '#', 'admin', '2023-07-23 18:54:49', '', NULL, '');
INSERT INTO `sys_menu` VALUES (1046, '在线查询', 109, 1, '#', '', '', 1, 0, 'F', '0', '0', 'monitor:online:query', '#', 'admin', '2023-07-23 18:54:49', '', NULL, '');
INSERT INTO `sys_menu` VALUES (1047, '批量强退', 109, 2, '#', '', '', 1, 0, 'F', '0', '0', 'monitor:online:batchLogout', '#', 'admin', '2023-07-23 18:54:49', '', NULL, '');
INSERT INTO `sys_menu` VALUES (1048, '单条强退', 109, 3, '#', '', '', 1, 0, 'F', '0', '0', 'monitor:online:forceLogout', '#', 'admin', '2023-07-23 18:54:49', '', NULL, '');
INSERT INTO `sys_menu` VALUES (1049, '任务查询', 110, 1, '#', '', '', 1, 0, 'F', '0', '0', 'monitor:job:query', '#', 'admin', '2023-07-23 18:54:49', '', NULL, '');
INSERT INTO `sys_menu` VALUES (1050, '任务新增', 110, 2, '#', '', '', 1, 0, 'F', '0', '0', 'monitor:job:add', '#', 'admin', '2023-07-23 18:54:49', '', NULL, '');
INSERT INTO `sys_menu` VALUES (1051, '任务修改', 110, 3, '#', '', '', 1, 0, 'F', '0', '0', 'monitor:job:edit', '#', 'admin', '2023-07-23 18:54:49', '', NULL, '');
INSERT INTO `sys_menu` VALUES (1052, '任务删除', 110, 4, '#', '', '', 1, 0, 'F', '0', '0', 'monitor:job:remove', '#', 'admin', '2023-07-23 18:54:49', '', NULL, '');
INSERT INTO `sys_menu` VALUES (1053, '状态修改', 110, 5, '#', '', '', 1, 0, 'F', '0', '0', 'monitor:job:changeStatus', '#', 'admin', '2023-07-23 18:54:49', '', NULL, '');

-- ----------------------------
-- Table structure for sys_role
-- ----------------------------
DROP TABLE IF EXISTS `sys_role`;
CREATE TABLE `sys_role`  (
  `role_id` bigint(20) NOT NULL AUTO_INCREMENT COMMENT '角色ID',
  `role_name` varchar(30) CHARACTER SET utf8 COLLATE utf8_general_ci NOT NULL COMMENT '角色名称',
  `role_key` varchar(100) CHARACTER SET utf8 COLLATE utf8_general_ci NOT NULL COMMENT '角色权限字符串',
  `role_sort` int(4) NOT NULL COMMENT '显示顺序',
  `data_scope` char(1) CHARACTER SET utf8 COLLATE utf8_general_ci NULL DEFAULT '1' COMMENT '数据范围（1：全部数据权限 2：自定数据权限 3：本部门数据权限 4：本部门及以下数据权限）',
  `menu_check_strictly` tinyint(1) NULL DEFAULT 1 COMMENT '菜单树选择项是否关联显示',
  `dept_check_strictly` tinyint(1) NULL DEFAULT 1 COMMENT '部门树选择项是否关联显示',
  `status` char(1) CHARACTER SET utf8 COLLATE utf8_general_ci NOT NULL COMMENT '角色状态（0正常 1停用）',
  `del_flag` char(1) CHARACTER SET utf8 COLLATE utf8_general_ci NULL DEFAULT '0' COMMENT '删除标志（0代表存在 2代表删除）',
  `create_by` varchar(64) CHARACTER SET utf8 COLLATE utf8_general_ci NULL DEFAULT '' COMMENT '创建者',
  `create_time` datetime(0) NULL DEFAULT NULL COMMENT '创建时间',
  `update_by` varchar(64) CHARACTER SET utf8 COLLATE utf8_general_ci NULL DEFAULT '' COMMENT '更新者',
  `update_time` datetime(0) NULL DEFAULT NULL COMMENT '更新时间',
  `remark` varchar(500) CHARACTER SET utf8 COLLATE utf8_general_ci NULL DEFAULT NULL COMMENT '备注',
  PRIMARY KEY (`role_id`) USING BTREE
) ENGINE = InnoDB AUTO_INCREMENT = 3 CHARACTER SET = utf8 COLLATE = utf8_general_ci COMMENT = '角色信息表' ROW_FORMAT = Dynamic;

-- ----------------------------
-- Records of sys_role
-- ----------------------------
INSERT INTO `sys_role` VALUES (1, '超级管理员', 'admin', 1, '1', 1, 1, '0', '0', 'admin', '2023-07-23 18:54:49', '', NULL, '超级管理员');
INSERT INTO `sys_role` VALUES (2, '普通角色', 'common', 2, '2', 1, 1, '0', '0', 'admin', '2023-07-23 18:54:49', '', NULL, '普通角色');

-- ----------------------------
-- Table structure for sys_role_menu
-- ----------------------------
DROP TABLE IF EXISTS `sys_role_menu`;
CREATE TABLE `sys_role_menu`  (
  `role_id` bigint(20) NOT NULL COMMENT '角色ID',
  `menu_id` bigint(20) NOT NULL COMMENT '菜单ID',
  PRIMARY KEY (`role_id`, `menu_id`) USING BTREE
) ENGINE = InnoDB CHARACTER SET = utf8 COLLATE = utf8_general_ci COMMENT = '角色和菜单关联表' ROW_FORMAT = Dynamic;

-- ----------------------------
-- Records of sys_role_menu
-- ----------------------------
INSERT INTO `sys_role_menu` VALUES (2, 1);
INSERT INTO `sys_role_menu` VALUES (2, 2);
INSERT INTO `sys_role_menu` VALUES (2, 3);
INSERT INTO `sys_role_menu` VALUES (2, 4);
INSERT INTO `sys_role_menu` VALUES (2, 100);
INSERT INTO `sys_role_menu` VALUES (2, 101);
INSERT INTO `sys_role_menu` VALUES (2, 102);
INSERT INTO `sys_role_menu` VALUES (2, 108);
INSERT INTO `sys_role_menu` VALUES (2, 109);
INSERT INTO `sys_role_menu` VALUES (2, 110);
INSERT INTO `sys_role_menu` VALUES (2, 111);
INSERT INTO `sys_role_menu` VALUES (2, 112);
INSERT INTO `sys_role_menu` VALUES (2, 113);
INSERT INTO `sys_role_menu` VALUES (2, 114);
INSERT INTO `sys_role_menu` VALUES (2, 115);
INSERT INTO `sys_role_menu` VALUES (2, 500);
INSERT INTO `sys_role_menu` VALUES (2, 501);
INSERT INTO `sys_role_menu` VALUES (2, 1000);
INSERT INTO `sys_role_menu` VALUES (2, 1001);
INSERT INTO `sys_role_menu` VALUES (2, 1002);
INSERT INTO `sys_role_menu` VALUES (2, 1003);
INSERT INTO `sys_role_menu` VALUES (2, 1004);
INSERT INTO `sys_role_menu` VALUES (2, 1005);
INSERT INTO `sys_role_menu` VALUES (2, 1006);
INSERT INTO `sys_role_menu` VALUES (2, 1007);
INSERT INTO `sys_role_menu` VALUES (2, 1008);
INSERT INTO `sys_role_menu` VALUES (2, 1009);
INSERT INTO `sys_role_menu` VALUES (2, 1010);
INSERT INTO `sys_role_menu` VALUES (2, 1011);
INSERT INTO `sys_role_menu` VALUES (2, 1012);
INSERT INTO `sys_role_menu` VALUES (2, 1013);
INSERT INTO `sys_role_menu` VALUES (2, 1014);
INSERT INTO `sys_role_menu` VALUES (2, 1015);
INSERT INTO `sys_role_menu` VALUES (2, 1039);
INSERT INTO `sys_role_menu` VALUES (2, 1040);
INSERT INTO `sys_role_menu` VALUES (2, 1041);
INSERT INTO `sys_role_menu` VALUES (2, 1042);
INSERT INTO `sys_role_menu` VALUES (2, 1043);
INSERT INTO `sys_role_menu` VALUES (2, 1044);
INSERT INTO `sys_role_menu` VALUES (2, 1045);
INSERT INTO `sys_role_menu` VALUES (2, 1046);
INSERT INTO `sys_role_menu` VALUES (2, 1047);
INSERT INTO `sys_role_menu` VALUES (2, 1048);
INSERT INTO `sys_role_menu` VALUES (2, 1049);
INSERT INTO `sys_role_menu` VALUES (2, 1050);
INSERT INTO `sys_role_menu` VALUES (2, 1051);
INSERT INTO `sys_role_menu` VALUES (2, 1052);
INSERT INTO `sys_role_menu` VALUES (2, 1053);

-- ----------------------------
-- Table structure for sys_user
-- ----------------------------
DROP TABLE IF EXISTS `sys_user`;
CREATE TABLE `sys_user`  (
  `user_id` bigint(20) NOT NULL AUTO_INCREMENT COMMENT '用户ID',
  `dept_id` bigint(20) NULL DEFAULT NULL COMMENT '部门ID',
  `user_name` varchar(30) CHARACTER SET utf8 COLLATE utf8_general_ci NOT NULL COMMENT '用户账号',
  `nick_name` varchar(30) CHARACTER SET utf8 COLLATE utf8_general_ci NOT NULL COMMENT '用户昵称',
  `user_type` varchar(2) CHARACTER SET utf8 COLLATE utf8_general_ci NULL DEFAULT '00' COMMENT '用户类型（00系统用户）',
  `email` varchar(50) CHARACTER SET utf8 COLLATE utf8_general_ci NULL DEFAULT '' COMMENT '用户邮箱',
  `phonenumber` varchar(11) CHARACTER SET utf8 COLLATE utf8_general_ci NULL DEFAULT '' COMMENT '手机号码',
  `sex` char(1) CHARACTER SET utf8 COLLATE utf8_general_ci NULL DEFAULT '0' COMMENT '用户性别（0男 1女 2未知）',
  `avatar` varchar(100) CHARACTER SET utf8 COLLATE utf8_general_ci NULL DEFAULT '' COMMENT '头像地址',
  `password` varchar(100) CHARACTER SET utf8 COLLATE utf8_general_ci NULL DEFAULT '' COMMENT '密码',
  `status` char(1) CHARACTER SET utf8 COLLATE utf8_general_ci NULL DEFAULT '0' COMMENT '帐号状态（0正常 1停用）',
  `del_flag` char(1) CHARACTER SET utf8 COLLATE utf8_general_ci NULL DEFAULT '0' COMMENT '删除标志（0代表存在 2代表删除）',
  `login_ip` varchar(128) CHARACTER SET utf8 COLLATE utf8_general_ci NULL DEFAULT '' COMMENT '最后登录IP',
  `login_date` datetime(0) NULL DEFAULT NULL COMMENT '最后登录时间',
  `create_by` varchar(64) CHARACTER SET utf8 COLLATE utf8_general_ci NULL DEFAULT '' COMMENT '创建者',
  `create_time` datetime(0) NULL DEFAULT NULL COMMENT '创建时间',
  `update_by` varchar(64) CHARACTER SET utf8 COLLATE utf8_general_ci NULL DEFAULT '' COMMENT '更新者',
  `update_time` datetime(0) NULL DEFAULT NULL COMMENT '更新时间',
  `remark` varchar(500) CHARACTER SET utf8 COLLATE utf8_general_ci NULL DEFAULT NULL COMMENT '备注',
  PRIMARY KEY (`user_id`) USING BTREE
) ENGINE = InnoDB AUTO_INCREMENT = 5 CHARACTER SET = utf8 COLLATE = utf8_general_ci COMMENT = '用户信息表' ROW_FORMAT = Dynamic;

-- ----------------------------
-- Records of sys_user
-- ----------------------------
INSERT INTO `sys_user` VALUES (1, NULL, 'admin', '若依', '00', 'ry@163.com', '15888888888', '1', '', '$2a$10$OhtX2mnpUXlODw/DhI7n6.aiYRmg5zVg4hgbUjD3ip/VsvlYq8uIK', '0', '0', '127.0.0.1', '2023-07-24 08:51:46', 'admin', '2023-07-23 18:54:49', '', NULL, '管理员');
INSERT INTO `sys_user` VALUES (2, NULL, 'ry', '若依', '00', 'ry@qq.com', '15666666666', '1', '', '$2a$10$OhtX2mnpUXlODw/DhI7n6.aiYRmg5zVg4hgbUjD3ip/VsvlYq8uIK', '0', '0', '127.0.0.1', '2023-07-24 08:51:46', 'admin', '2023-07-23 18:54:49', '', NULL, '测试员');
INSERT INTO `sys_user` VALUES (3, NULL, 'wangbw', 'wangbw', '00', '', '', '0', '', '$2a$10$MXn/ze3HW3.KCgt29zt46.i0Qim/Uha8A3sXpd3wIjN4n.TslLx3S', '0', '0', '127.0.0.1', '2023-07-24 08:51:46', '', '2023-07-24 08:52:07', '', NULL, '测试员');
INSERT INTO `sys_user` VALUES (4, NULL, 'wangbw02', 'wangbw02', '00', '', '', '0', '', '$2a$10$.1LVM1ywceUgHqDiGSt06.oOunokevWdNW54Nwl1BSnMQ6jpyqPau', '0', '0', '', NULL, '', '2023-07-24 08:54:24', '', NULL, '测试员');

-- ----------------------------
-- Table structure for sys_user_role
-- ----------------------------
DROP TABLE IF EXISTS `sys_user_role`;
CREATE TABLE `sys_user_role`  (
  `user_id` bigint(20) NOT NULL COMMENT '用户ID',
  `role_id` bigint(20) NOT NULL COMMENT '角色ID',
  PRIMARY KEY (`user_id`, `role_id`) USING BTREE
) ENGINE = InnoDB CHARACTER SET = utf8 COLLATE = utf8_general_ci COMMENT = '用户和角色关联表' ROW_FORMAT = Dynamic;

-- ----------------------------
-- Records of sys_user_role
-- ----------------------------
INSERT INTO `sys_user_role` VALUES (1, 1);
INSERT INTO `sys_user_role` VALUES (2, 2);

SET FOREIGN_KEY_CHECKS = 1;
